brands,links
10.or Mobile Phones,https://gadgets.ndtv.com/mobiles/10-or-phones
Acer Mobile Phones,https://gadgets.ndtv.com/mobiles/acer-phones
Adcom Mobile Phones,https://gadgets.ndtv.com/mobiles/adcom-phones
Airtel Mobile Phones,https://gadgets.ndtv.com/mobiles/airtel-phones
Alcatel Mobile Phones,https://gadgets.ndtv.com/mobiles/alcatel-phones
Alpha Mobile Phones,https://gadgets.ndtv.com/mobiles/alpha-phones
Amazon Mobile Phones,https://gadgets.ndtv.com/mobiles/amazon-phones
AOC Mobile Phones,https://gadgets.ndtv.com/mobiles/aoc-phones
Apple Mobile Phones,https://gadgets.ndtv.com/mobiles/apple-phones
Aqua Mobile Phones,https://gadgets.ndtv.com/mobiles/aqua-phones
Archos Mobile Phones,https://gadgets.ndtv.com/mobiles/archos-phones
Asus Mobile Phones,https://gadgets.ndtv.com/mobiles/asus-phones
Benq Mobile Phones,https://gadgets.ndtv.com/mobiles/benq-phones
Billion Mobile Phones,https://gadgets.ndtv.com/mobiles/billion-phones
Black Shark Mobile Phones,https://gadgets.ndtv.com/mobiles/black-shark-phones
BlackBerry Mobile Phones,https://gadgets.ndtv.com/mobiles/blackberry-phones
Blu Mobile Phones,https://gadgets.ndtv.com/mobiles/blu-phones
BQ Mobile Phones,https://gadgets.ndtv.com/mobiles/bq-phones
Byond Mobile Phones,https://gadgets.ndtv.com/mobiles/byond-phones
Cat Mobile Phones,https://gadgets.ndtv.com/mobiles/cat-phones
Celkon Mobile Phones,https://gadgets.ndtv.com/mobiles/celkon-phones
Centric Mobile Phones,https://gadgets.ndtv.com/mobiles/centric-phones
Champion Computers Mobile Phones,https://gadgets.ndtv.com/mobiles/champion-computers-phones
ChampOne Mobile Phones,https://gadgets.ndtv.com/mobiles/champone-phones
Cherry Mobile Mobile Phones,https://gadgets.ndtv.com/mobiles/cherry-mobile-phones
Comio Mobile Phones,https://gadgets.ndtv.com/mobiles/comio-phones
Coolpad Mobile Phones,https://gadgets.ndtv.com/mobiles/coolpad-phones
Creo Mobile Phones,https://gadgets.ndtv.com/mobiles/creo-phones
Croma Mobile Phones,https://gadgets.ndtv.com/mobiles/croma-phones
Datawind Mobile Phones,https://gadgets.ndtv.com/mobiles/datawind-phones
Detel Mobile Phones,https://gadgets.ndtv.com/mobiles/detel-phones
Docoss Mobile Phones,https://gadgets.ndtv.com/mobiles/docoss-phones
Elari Mobile Phones,https://gadgets.ndtv.com/mobiles/elari-phones
Elephone Mobile Phones,https://gadgets.ndtv.com/mobiles/elephone-phones
Energizer Mobile Phones,https://gadgets.ndtv.com/mobiles/energizer-phones
Essential Mobile Phones,https://gadgets.ndtv.com/mobiles/essential-phones
Evercoss Mobile Phones,https://gadgets.ndtv.com/mobiles/evercoss-phones
Fairphone Mobile Phones,https://gadgets.ndtv.com/mobiles/fairphone-phones
Flash Mobile Phones,https://gadgets.ndtv.com/mobiles/flash-phones
Fly Mobile Phones,https://gadgets.ndtv.com/mobiles/fly-phones
GeeksPhone Mobile Phones,https://gadgets.ndtv.com/mobiles/geeksphone-phones
General Mobile Mobile Phones,https://gadgets.ndtv.com/mobiles/general-mobile-phones
Gionee Mobile Phones,https://gadgets.ndtv.com/mobiles/gionee-phones
Google Mobile Phones,https://gadgets.ndtv.com/mobiles/google-phones
Homtom Mobile Phones,https://gadgets.ndtv.com/mobiles/homtom-phones
Honor Mobile Phones,https://gadgets.ndtv.com/mobiles/honor-phones
HP Mobile Phones,https://gadgets.ndtv.com/mobiles/hp-phones
HTC Mobile Phones,https://gadgets.ndtv.com/mobiles/htc-phones
Huawei Mobile Phones,https://gadgets.ndtv.com/mobiles/huawei-phones
Hyve Mobile Phones,https://gadgets.ndtv.com/mobiles/hyve-phones
i-mobiles Mobile Phones,https://gadgets.ndtv.com/mobiles/i-mobiles-phones
iBall Mobile Phones,https://gadgets.ndtv.com/mobiles/iball-phones
iBerry Mobile Phones,https://gadgets.ndtv.com/mobiles/iberry-phones
Idea Mobile Phones,https://gadgets.ndtv.com/mobiles/idea-phones
Infinix Mobile Phones,https://gadgets.ndtv.com/mobiles/infinix-phones
InFocus Mobile Phones,https://gadgets.ndtv.com/mobiles/infocus-phones
Intex Mobile Phones,https://gadgets.ndtv.com/mobiles/intex-phones
iQOO Mobile Phones,https://gadgets.ndtv.com/mobiles/iqoo-phones
Itel Mobile Phones,https://gadgets.ndtv.com/mobiles/itel-phones
iVoomi Mobile Phones,https://gadgets.ndtv.com/mobiles/ivoomi-phones
Jio Mobile Phones,https://gadgets.ndtv.com/mobiles/jio-phones
Jivi Mobile Phones,https://gadgets.ndtv.com/mobiles/jivi-phones
Jolla Mobile Phones,https://gadgets.ndtv.com/mobiles/jolla-phones
Josh Mobile Mobile Phones,https://gadgets.ndtv.com/mobiles/josh-mobile-phones
Karbonn Mobile Phones,https://gadgets.ndtv.com/mobiles/karbonn-phones
Kestrel Mobile Phones,https://gadgets.ndtv.com/mobiles/kestrel-phones
Kodak Mobile Phones,https://gadgets.ndtv.com/mobiles/kodak-phones
Kult Mobile Phones,https://gadgets.ndtv.com/mobiles/kult-phones
Kyocera Mobile Phones,https://gadgets.ndtv.com/mobiles/kyocera-phones
Land Rover Mobile Phones,https://gadgets.ndtv.com/mobiles/land-rover-phones
Lava Mobile Phones,https://gadgets.ndtv.com/mobiles/lava-phones
LeEco Mobile Phones,https://gadgets.ndtv.com/mobiles/leeco-phones
Leica Mobile Phones,https://gadgets.ndtv.com/mobiles/leica-phones
Lemon Mobile Phones,https://gadgets.ndtv.com/mobiles/lemon-phones
Lenovo Mobile Phones,https://gadgets.ndtv.com/mobiles/lenovo-phones
Lephone Mobile Phones,https://gadgets.ndtv.com/mobiles/lephone-phones
LG Mobile Phones,https://gadgets.ndtv.com/mobiles/lg-phones
Lumigon Mobile Phones,https://gadgets.ndtv.com/mobiles/lumigon-phones
Lyf Mobile Phones,https://gadgets.ndtv.com/mobiles/lyf-phones
M-tech Mobile Phones,https://gadgets.ndtv.com/mobiles/m-tech-phones
Mafe Mobile Mobile Phones,https://gadgets.ndtv.com/mobiles/mafe-mobile-phones
Magicon Mobile Phones,https://gadgets.ndtv.com/mobiles/magicon-phones
MarQ Mobile Phones,https://gadgets.ndtv.com/mobiles/marq-phones
Marshall Mobile Phones,https://gadgets.ndtv.com/mobiles/marshall-phones
Maxx Mobile Mobile Phones,https://gadgets.ndtv.com/mobiles/maxx-mobile-phones
Meizu Mobile Phones,https://gadgets.ndtv.com/mobiles/meizu-phones
Mercury Mobile Phones,https://gadgets.ndtv.com/mobiles/mercury-phones
Micromax Mobile Phones,https://gadgets.ndtv.com/mobiles/micromax-phones
Microsoft Mobile Phones,https://gadgets.ndtv.com/mobiles/microsoft-phones
Mitashi Mobile Phones,https://gadgets.ndtv.com/mobiles/mitashi-phones
Mito Mobile Phones,https://gadgets.ndtv.com/mobiles/mito-phones
Mobiistar Mobile Phones,https://gadgets.ndtv.com/mobiles/mobiistar-phones
Motorola Mobile Phones,https://gadgets.ndtv.com/mobiles/motorola-phones
mPhone Mobile Phones,https://gadgets.ndtv.com/mobiles/mphone-phones
MTS Mobile Phones,https://gadgets.ndtv.com/mobiles/mts-phones
MyPhone Mobile Phones,https://gadgets.ndtv.com/mobiles/myphone-phones
Namotel Mobile Phones,https://gadgets.ndtv.com/mobiles/namotel-phones
Neffos Mobile Phones,https://gadgets.ndtv.com/mobiles/neffos-phones
Nexian Mobile Phones,https://gadgets.ndtv.com/mobiles/nexian-phones
Nextbit Mobile Phones,https://gadgets.ndtv.com/mobiles/nextbit-phones
Nokia Mobile Phones,https://gadgets.ndtv.com/mobiles/nokia-phones
Nubia Mobile Phones,https://gadgets.ndtv.com/mobiles/nubia-phones
Nuu Mobile Mobile Phones,https://gadgets.ndtv.com/mobiles/nuu-mobile-phones
Obi Mobile Phones,https://gadgets.ndtv.com/mobiles/obi-phones
Obi Worldphone Mobile Phones,https://gadgets.ndtv.com/mobiles/obi-worldphone-phones
OnePlus Mobile Phones,https://gadgets.ndtv.com/mobiles/oneplus-phones
Onida Mobile Phones,https://gadgets.ndtv.com/mobiles/onida-phones
Oplus Mobile Phones,https://gadgets.ndtv.com/mobiles/oplus-phones
Oppo Mobile Phones,https://gadgets.ndtv.com/mobiles/oppo-phones
Oukitel Mobile Phones,https://gadgets.ndtv.com/mobiles/oukitel-phones
Panasonic Mobile Phones,https://gadgets.ndtv.com/mobiles/panasonic-phones
Pantel Mobile Phones,https://gadgets.ndtv.com/mobiles/pantel-phones
Pepsi Mobile Phones,https://gadgets.ndtv.com/mobiles/pepsi-phones
Phicomm Mobile Phones,https://gadgets.ndtv.com/mobiles/phicomm-phones
Philips Mobile Phones,https://gadgets.ndtv.com/mobiles/philips-phones
Poco Mobile Phones,https://gadgets.ndtv.com/mobiles/poco-phones
Polaroid Mobile Phones,https://gadgets.ndtv.com/mobiles/polaroid-phones
Porsche Design Mobile Phones,https://gadgets.ndtv.com/mobiles/porsche-design-phones
QiKU Mobile Phones,https://gadgets.ndtv.com/mobiles/qiku-phones
QMobile Mobile Phones,https://gadgets.ndtv.com/mobiles/qmobile-phones
Razer Mobile Phones,https://gadgets.ndtv.com/mobiles/razer-phones
Reach Mobile Phones,https://gadgets.ndtv.com/mobiles/reach-phones
Realme Mobile Phones,https://gadgets.ndtv.com/mobiles/realme-phones
Reliance Mobile Phones,https://gadgets.ndtv.com/mobiles/reliance-phones
Ringing Bells Mobile Phones,https://gadgets.ndtv.com/mobiles/ringing-bells-phones
Rio Mobile Phones,https://gadgets.ndtv.com/mobiles/rio-phones
Royole Mobile Phones,https://gadgets.ndtv.com/mobiles/royole-phones
Salora Mobile Phones,https://gadgets.ndtv.com/mobiles/salora-phones
Samsung Mobile Phones,https://gadgets.ndtv.com/mobiles/samsung-phones
Sansui Mobile Phones,https://gadgets.ndtv.com/mobiles/sansui-phones
Saygus Mobile Phones,https://gadgets.ndtv.com/mobiles/saygus-phones
Sharp Mobile Phones,https://gadgets.ndtv.com/mobiles/sharp-phones
Sikur Mobile Phones,https://gadgets.ndtv.com/mobiles/sikur-phones
Silent Circle Mobile Phones,https://gadgets.ndtv.com/mobiles/silent-circle-phones
Simmtronics Mobile Phones,https://gadgets.ndtv.com/mobiles/simmtronics-phones
Sirin Mobile Phones,https://gadgets.ndtv.com/mobiles/sirin-phones
Smartisan Mobile Phones,https://gadgets.ndtv.com/mobiles/smartisan-phones
Smartron Mobile Phones,https://gadgets.ndtv.com/mobiles/smartron-phones
Sony Mobile Phones,https://gadgets.ndtv.com/mobiles/sony-phones
Spice Mobile Phones,https://gadgets.ndtv.com/mobiles/spice-phones
Sunstrike Mobile Phones,https://gadgets.ndtv.com/mobiles/sunstrike-phones
Swipe Mobile Phones,https://gadgets.ndtv.com/mobiles/swipe-phones
Symphony Mobile Phones,https://gadgets.ndtv.com/mobiles/symphony-phones
Tambo Mobile Phones,https://gadgets.ndtv.com/mobiles/tambo-phones
TCL Mobile Phones,https://gadgets.ndtv.com/mobiles/tcl-phones
Tecno Mobile Phones,https://gadgets.ndtv.com/mobiles/tecno-phones
Tonino Lamborghini Mobile Phones,https://gadgets.ndtv.com/mobiles/tonino-lamborghini-phones
Turing Mobile Phones,https://gadgets.ndtv.com/mobiles/turing-phones
Umi Mobile Phones,https://gadgets.ndtv.com/mobiles/umi-phones
Unihertz Mobile Phones,https://gadgets.ndtv.com/mobiles/unihertz-phones
Vaio Mobile Phones,https://gadgets.ndtv.com/mobiles/vaio-phones
Vertu Mobile Phones,https://gadgets.ndtv.com/mobiles/vertu-phones
Viaan Mobile Phones,https://gadgets.ndtv.com/mobiles/viaan-phones
Videocon Mobile Phones,https://gadgets.ndtv.com/mobiles/videocon-phones
Vivo Mobile Phones,https://gadgets.ndtv.com/mobiles/vivo-phones
Vodafone Mobile Phones,https://gadgets.ndtv.com/mobiles/vodafone-phones
Wickedleak Mobile Phones,https://gadgets.ndtv.com/mobiles/wickedleak-phones
Wiio Mobile Phones,https://gadgets.ndtv.com/mobiles/wiio-phones
Xiaomi Mobile Phones,https://gadgets.ndtv.com/mobiles/xiaomi-phones
Xolo Mobile Phones,https://gadgets.ndtv.com/mobiles/xolo-phones
Yamada Denki Mobile Phones,https://gadgets.ndtv.com/mobiles/yamada-denki-phones
Yandex Mobile Phones,https://gadgets.ndtv.com/mobiles/yandex-phones
Yota Devices Mobile Phones,https://gadgets.ndtv.com/mobiles/yota-devices-phones
Yu Mobile Phones,https://gadgets.ndtv.com/mobiles/yu-phones
Zen Mobile Phones,https://gadgets.ndtv.com/mobiles/zen-phones
Ziox Mobile Phones,https://gadgets.ndtv.com/mobiles/ziox-phones
Zopo Mobile Phones,https://gadgets.ndtv.com/mobiles/zopo-phones
ZTE Mobile Phones,https://gadgets.ndtv.com/mobiles/zte-phones
Zuk Mobile Phones,https://gadgets.ndtv.com/mobiles/zuk-phones
Zync Mobile Phones,https://gadgets.ndtv.com/mobiles/zync-phones
Realme 9i,https://gadgets.ndtv.com/realme-9i-price-in-india-104681
Motorola Moto Edge X30,https://gadgets.ndtv.com/motorola-moto-edge-x30-price-in-india-104680
Vivo Y55s 5G,https://gadgets.ndtv.com/vivo-y55s-2021-price-in-india-104649
Samsung Galaxy A73,https://gadgets.ndtv.com/samsung-galaxy-a73-price-in-india-104638
Tecno Camon 18T,https://gadgets.ndtv.com/tecno-camon-18t-price-in-india-104621
Honor 60 Pro,https://gadgets.ndtv.com/honor-60-pro-price-in-india-104617
Honor 60,https://gadgets.ndtv.com/honor-60-price-in-india-104615
Motorola Edge S30,https://gadgets.ndtv.com/motorola-edge-s30-price-in-india-104613
Vivo Y21e,https://gadgets.ndtv.com/vivo-y21e-price-in-india-104607
Huawei Nova 8 SE 4G,https://gadgets.ndtv.com/huawei-nova-8-se-4g-price-in-india-104597
Samsung Galaxy A03,https://gadgets.ndtv.com/samsung-galaxy-a03-price-in-india-104594
Tecno Pop 5 LTE,https://gadgets.ndtv.com/tecno-pop-5-lte-price-in-india-104593
